GameIndex,GameWinner,GameTimestamp,RoundIndex,RoundWinner,RoundTimestamp,StartedAt,UpdatedAt,Actor,Target,Category,State,Name,Duration,Reason,BotPosX,BotPosY,BotLinv,BotAngv,BotRot,BotIsDashActive,BotIsSkillActive,BotIsOutFromArena,EnemyBotPosX,EnemyBotPosY,EnemyBotLinv,EnemyBotAngv,EnemyBotRot,EnemyBotIsDashActive,EnemyBotIsSkillActive,EnemyBotIsOutFromArena,ColActor,ColImpact,ColTieBreaker,ColLockDuration,ColBotPosX,ColBotPosY,ColBotLinv,ColBotAngv,ColBotRot,ColBotIsDashActive,ColBotIsSkillActive,ColBotIsOutFromArena,ColEnemyBotPosX,ColEnemyBotPosY,ColEnemyBotLinv,ColEnemyBotAngv,ColEnemyBotRot,ColEnemyBotIsDashActive,ColEnemyBotIsSkillActive,ColEnemyBotIsOutFromArena
1,1,20250925_111545,1,1,20250925_111545,0.101575948,0.101575948,0,,Action,0,TurnLeft,0.1,,-3.30086637,2.01016259,0,0,270,0,0,0,3.69913363,2.01016259,0,0,90,0,0,0,,,,,,,,,,,,,,,,,,,,
1,1,20250925_111545,1,1,20250925_111545,0.101575948,0.101575948,0,,Action,0,Accelerate,0.1,,-3.30086637,2.01016259,0,0,270,0,0,0,3.69913363,2.01016259,0,0,90,0,0,0,,,,,,,,,,,,,,,,,,,,
1,1,20250925_111545,1,1,20250925_111545,0.101575948,0.101575948,1,,Action,0,Accelerate,0.834212,,3.69913363,2.01016259,0,0,90,0,0,0,-3.30086637,2.01016259,0,0,270,0,0,0,,,,,,,,,,,,,,,,,,,,
1,1,20250925_111545,1,1,20250925_111545,0.241825938,0.241825938,0,,Action,0,TurnRight,0.1,,-2.74566674,2.01016259,3.76,0,290,0,0,0,3.13913417,2.01016259,4,0,90,0,0,0,,,,,,,,,,,,,,,,,,,,
1,1,20250925_111545,1,1,20250925_111545,0.241825938,0.241825938,1,,Action,1,Accelerate,0.8207061,,3.13913417,2.01016259,4,0,90,0,0,0,-2.74566674,2.01016259,3.76,0,290,0,0,0,,,,,,,,,,,,,,,,,,,,
1,1,20250925_111545,1,1,20250925_111545,0.343221962,0.343221962,1,,Action,1,Accelerate,0.8058272,,2.73913455,2.01016259,4,0,90,0,0,0,-2.43217015,2.01016259,2.75947928,0,270,0,0,0,,,,,,,,,,,,,,,,,,,,
1,1,20250925_111545,1,1,20250925_111545,0.444304049,0.444304049,0,,Action,1,TurnRight,0.1,,-2.03217053,2.01016259,4,0,290,0,0,0,2.339135,2.01016259,4,0,90,0,0,0,,,,,,,,,,,,,,,,,,,,
1,1,20250925_111545,1,1,20250925_111545,0.444304049,0.444304049,1,,Action,1,Accelerate,0.7907113,,2.339135,2.01016259,4,0,90,0,0,0,-2.03217053,2.01016259,4,0,290,0,0,0,,,,,,,,,,,,,,,,,,,,
1,1,20250925_111545,1,1,20250925_111545,0.544955969,0.544955969,0,,Action,1,Accelerate,0.1,,-1.677376,2.01016259,3.12299585,0,270,0,0,0,1.93913531,2.01016259,4,0,90,0,0,0,,,,,,,,,,,,,,,,,,,,
1,1,20250925_111545,1,1,20250925_111545,0.544955969,0.544955969,1,,Action,1,Accelerate,0.775311351,,1.93913531,2.01016259,4,0,90,0,0,0,-1.677376,2.01016259,3.12299585,0,270,0,0,0,,,,,,,,,,,,,,,,,,,,
1,1,20250925_111545,1,1,20250925_111545,0.645963669,0.645963669,1,,Action,1,Accelerate,0.759802163,,1.53913569,2.01016259,4,0,90,0,0,0,-1.27737641,2.01016259,4,0,270,0,0,0,,,,,,,,,,,,,,,,,,,,
1,1,20250925_111545,1,1,20250925_111545,0.747143567,0.747143567,0,,Action,1,Accelerate,0.1,,-0.922582,2.01016259,3.12299585,0,270,0,0,0,1.13913608,2.01016259,4,0,90,0,0,0,,,,,,,,,,,,,,,,,,,,
1,1,20250925_111545,1,1,20250925_111545,0.747143567,0.747143567,1,,Action,1,Accelerate,0.7442448,,1.13913608,2.01016259,4,0,90,0,0,0,-0.922582,2.01016259,3.12299585,0,270,0,0,0,,,,,,,,,,,,,,,,,,,,
1,1,20250925_111545,1,1,20250925_111545,0.84754163,0.84754163,1,,Action,1,Accelerate,0.7283078,,0.7391362,2.01016259,4,0,90,0,0,0,-0.522582054,2.01016259,4,0,270,0,0,0,,,,,,,,,,,,,,,,,,,,
1,1,20250925_111545,1,1,20250925_111545,0.84754163,0.8769057,1,,Action,2,Accelerate,0.7283078,,0.6030647,2.01016259,0.119999886,5.474364E-07,90,0,0,0,-0.391310543,2.01016259,0.120000124,5.474364E-07,270,0,0,0,,,,,,,,,,,,,,,,,,,,
1,1,20250925_111545,1,1,20250925_111545,0,0.8769057,1,,Collision,0,,0,,0.6030647,2.01016259,0.119999886,5.474364E-07,90,0,0,0,-0.391310543,2.01016259,0.120000124,5.474364E-07,270,0,0,0,TRUE,4,TRUE,0.8,0.6030647,2.01016259,0.119999886,5.474364E-07,90,0,0,0,-0.391310543,2.01016259,0.120000124,5.474364E-07,270,0,0,0
1,1,20250925_111545,1,1,20250925_111545,0,0.8769057,0,,Collision,0,,0,,-0.391310543,2.01016259,0.120000124,5.474364E-07,270,0,0,0,0.6030647,2.01016259,0.119999886,5.474364E-07,90,0,0,0,FALSE,4,TRUE,0.8,-0.391310543,2.01016259,0.120000124,5.474364E-07,270,0,0,0,0.6030647,2.01016259,0.119999886,5.474364E-07,90,0,0,0
1,1,20250925_111545,1,1,20250925_111545,0.747143567,0.8769057,0,,Action,2,Accelerate,0.1,,-0.391310543,2.01016259,4.12,733.3857,270,0,0,0,0.6030647,2.01016259,3.88,733.3857,90,0,0,0,,,,,,,,,,,,,,,,,,,,
1,1,20250925_111545,1,1,20250925_111545,0.101575948,0.8769057,0,,Action,2,TurnLeft,0.1,,-0.391310543,2.01016259,4.12,733.3857,270,0,0,0,0.6030647,2.01016259,3.88,733.3857,90,0,0,0,,,,,,,,,,,,,,,,,,,,
1,1,20250925_111545,1,1,20250925_111545,0.444304049,0.8769057,0,,Action,2,TurnRight,0.1,,-0.391310543,2.01016259,4.12,733.3857,270,0,0,0,0.6030647,2.01016259,3.88,733.3857,90,0,0,0,,,,,,,,,,,,,,,,,,,,
1,1,20250925_111545,1,1,20250925_111545,0,0.8769057,0,1,Collision,0,,0,,-0.391310543,2.01016259,4.12,733.3857,270,0,0,0,0.6030647,2.01016259,3.88,733.3857,90,0,0,0,TRUE,1.94,FALSE,0.95,-0.391310543,2.01016259,4.12,733.3857,270,0,0,0,0.6030647,2.01016259,3.88,733.3857,90,0,0,0
1,1,20250925_111545,1,1,20250925_111545,0,0.8769057,1,,Collision,0,,0,,0.6030647,2.01016259,3.88,733.3857,90,0,0,0,-0.391310543,2.01016259,4.12,733.3857,270,0,0,0,FALSE,2.06,FALSE,1.05,0.6030647,2.01016259,3.88,733.3857,90,0,0,0,-0.391310543,2.01016259,4.12,733.3857,270,0,0,0
1,1,20250925_111545,1,1,20250925_111545,0.8769057,1.82773483,0,,Collision,2,,0.950829148,,-2.18648028,2.01016259,0.330736637,37.23609,192.494644,0,0,0,2.36268616,2.01016259,0.324187338,37.9883461,18.20163,0,0,0,TRUE,1.94,FALSE,0.95,-2.18648028,2.01016259,0.330736637,37.23609,192.494644,0,0,0,2.36268616,2.01016259,0.324187338,37.9883461,18.20163,0,0,0
1,1,20250925_111545,1,1,20250925_111545,1.85557294,1.85557294,0,,Action,0,TurnLeft,0.15,,-2.19269824,2.01016259,0.310892433,34.6553726,193.187759,0,0,0,2.36878085,2.01016259,0.3047361,35.35549,18.9087524,0,0,0,,,,,,,,,,,,,,,,,,,,
1,1,20250925_111545,1,1,20250925_111545,1.85557294,1.85557294,0,,Action,0,Accelerate,0.1,,-2.19269824,2.01016259,0.310892433,34.6553726,193.187759,0,0,0,2.36878085,2.01016259,0.3047361,35.35549,18.9087524,0,0,0,,,,,,,,,,,,,,,,,,,,
1,1,20250925_111545,1,1,20250925_111545,0.8769057,1.9286288,1,,Collision,2,,1.05172312,,2.38971567,2.01016259,0.237922415,26.5266762,21.2799377,0,0,0,-2.11969256,1.698602,4,27.05715,209.187759,0,0,0,FALSE,2.06,FALSE,1.05,2.38971567,2.01016259,0.237922415,26.5266762,21.2799377,0,0,0,-2.11969256,1.698602,4,27.05715,209.187759,0,0,0
1,1,20250925_111545,1,1,20250925_111545,1.95802081,1.95802081,0,,Action,1,TurnLeft,0.15,,-2.08318973,1.54282165,4,23.9077,217.187759,0,0,0,2.39839315,2.01016259,0.210228249,22.9771328,22.2332458,0,0,0,,,,,,,,,,,,,,,,,,,,
1,1,20250925_111545,1,1,20250925_111545,1.95802081,1.95802081,1,,Action,0,TurnLeft,0.368600279,,2.39839315,2.01016259,0.210228249,22.9771328,22.2332458,0,0,0,-2.08318973,1.54282165,4,23.9077,217.187759,0,0,0,,,,,,,,,,,,,,,,,,,,
1,1,20250925_111545,1,1,20250925_111545,2.05952287,2.05952287,0,,Action,1,TurnLeft,0.15,,-2.00710249,1.21811008,2.93561649,17.5459576,237.187775,0,0,0,2.41592145,2.01016259,0.154287383,16.8630123,42.2332458,0,0,0,,,,,,,,,,,,,,,,,,,,
1,1,20250925_111545,1,1,20250925_111545,2.05952287,2.05952287,0,,Action,1,Accelerate,0.1,,-2.00710249,1.21811008,2.93561649,17.5459576,237.187775,0,0,0,2.41592145,2.01016259,0.154287383,16.8630123,42.2332458,0,0,0,,,,,,,,,,,,,,,,,,,,
1,1,20250925_111545,1,1,20250925_111545,2.05952287,2.05952287,1,,Action,1,TurnLeft,0.2895969,,2.41592145,2.01016259,0.154287383,16.8630123,42.2332458,0,0,0,-2.00710249,1.21811008,2.93561649,17.5459576,237.187775,0,0,0,,,,,,,,,,,,,,,,,,,,
1,1,20250925_111545,1,1,20250925_111545,2.16520715,2.16520715,0,,Action,1,TurnLeft,0.133181214,,-1.67092216,1.00135541,4,12.8770514,257.187775,0,0,0,2.42878556,2.01016259,0.113232151,12.3758345,62.2332458,0,0,0,,,,,,,,,,,,,,,,,,,,
1,1,20250925_111545,1,1,20250925_111545,2.16520715,2.16520715,1,,Action,1,TurnLeft,0.20795384,,2.42878556,2.01016259,0.113232151,12.3758345,62.2332458,0,0,0,-1.67092216,1.00135541,4,12.8770514,257.187775,0,0,0,,,,,,,,,,,,,,,,,,,,
1,1,20250925_111545,1,1,20250925_111545,2.26576543,2.26576543,0,,Action,1,TurnLeft,0.1,,-1.37273479,0.8090967,3.12299633,9.45052052,277.187775,0,0,0,2.43822646,2.01016259,0.08310155,9.082675,82.2332458,0,0,0,,,,,,,,,,,,,,,,,,,,
1,1,20250925_111545,1,1,20250925_111545,2.26576543,2.26576543,0,,Action,1,Accelerate,0.1,,-1.37273479,0.8090967,3.12299633,9.45052052,277.187775,0,0,0,2.43822646,2.01016259,0.08310155,9.082675,82.2332458,0,0,0,,,,,,,,,,,,,,,,,,,,
1,1,20250925_111545,1,1,20250925_111545,2.26576543,2.26576543,1,,Action,1,TurnLeft,0.1262978,,2.43822646,2.01016259,0.08310155,9.082675,82.2332458,0,0,0,-1.37273479,0.8090967,3.12299633,9.45052052,277.187775,0,0,0,,,,,,,,,,,,,,,,,,,,
1,1,20250925_111545,1,1,20250925_111545,2.36595726,2.36595726,0,,Action,0,TurnRight,0.1,,-0.9758782,0.8591452,4,6.93577528,297.187775,0,0,0,2.44515538,2.01016259,0.06098857,6.66581345,102.233215,0,0,0,,,,,,,,,,,,,,,,,,,,
1,1,20250925_111545,1,1,20250925_111545,2.36595726,2.36595726,1,,Action,1,TurnLeft,0.1,,2.44515538,2.01016259,0.06098857,6.66581345,102.233215,0,0,0,-0.9758782,0.8591452,4,6.93577528,297.187775,0,0,0,,,,,,,,,,,,,,,,,,,,
1,1,20250925_111545,1,1,20250925_111545,2.36595726,2.36595726,1,,Action,0,Accelerate,0.7910566,,2.44515538,2.01016259,0.06098857,6.66581345,102.233215,0,0,0,-0.9758782,0.8591452,4,6.93577528,297.187775,0,0,0,,,,,,,,,,,,,,,,,,,,
1,1,20250925_111545,1,1,20250925_111545,2.36595726,2.36595726,1,,Action,0,Dash,0.2,,2.44515538,2.01016259,0.06098857,6.66581345,102.233215,1,0,0,-0.9758782,0.8591452,4,6.93577528,297.187775,0,0,0,,,,,,,,,,,,,,,,,,,,
1,1,20250925_111545,1,1,20250925_111545,2.46721148,2.46721148,0,,Action,1,TurnLeft,0.1,,-0.6238718,0.9035376,3.12299633,5.090194,277.187775,0,0,0,1.76105022,1.86183882,7.00000048,4.892068,122.233276,1,0,0,,,,,,,,,,,,,,,,,,,,
1,1,20250925_111545,1,1,20250925_111545,2.46721148,2.46721148,0,,Action,1,Accelerate,0.1,,-0.6238718,0.9035376,3.12299633,5.090194,277.187775,0,0,0,1.76105022,1.86183882,7.00000048,4.892068,122.233276,1,0,0,,,,,,,,,,,,,,,,,,,,
1,1,20250925_111545,1,1,20250925_111545,2.46721148,2.46721148,1,,Action,0,TurnRight,0.1,,1.76105022,1.86183882,7.00000048,4.892068,122.233276,1,0,0,-0.6238718,0.9035376,3.12299633,5.090194,277.187775,0,0,0,,,,,,,,,,,,,,,,,,,,
1,1,20250925_111545,1,1,20250925_111545,2.56857944,2.56857944,0,,Action,0,Dash,0.2,,-0.227015421,0.9535861,4,3.735715,297.187775,1,0,0,1.07694507,1.713515,7.00000048,3.59030867,102.233215,0,0,0,,,,,,,,,,,,,,,,,,,,
1,1,20250925_111545,1,1,20250925_111545,2.56857944,2.56857944,1,,Action,1,TurnLeft,0.1,,1.07694507,1.713515,7.00000048,3.59030867,102.233215,0,0,0,-0.227015421,0.9535861,4,3.735715,297.187775,1,0,0,,,,,,,,,,,,,,,,,,,,
1,1,20250925_111545,1,1,20250925_111545,2.36595726,2.59515333,1,,Action,2,Accelerate,0.7910566,,0.819135845,1.66121471,2.3585453,3.172397,110.282776,0,0,0,0.01442487,1.076271,0.859746635,77.32232,297.3716,1,0,0,,,,,,,,,,,,,,,,,,,,
1,1,20250925_111545,1,1,20250925_111545,2.36595726,2.59515333,1,,Action,2,Dash,0.2,,0.819135845,1.66121471,2.3585453,3.172397,110.282776,0,0,0,0.01442487,1.076271,0.859746635,77.32232,297.3716,1,0,0,,,,,,,,,,,,,,,,,,,,
1,1,20250925_111545,1,1,20250925_111545,2.56857944,2.59515333,1,,Action,2,TurnLeft,0.1,,0.819135845,1.66121471,2.3585453,3.172397,110.282776,0,0,0,0.01442487,1.076271,0.859746635,77.32232,297.3716,1,0,0,,,,,,,,,,,,,,,,,,,,
1,1,20250925_111545,1,1,20250925_111545,2.46721148,2.59515333,1,,Action,2,TurnRight,0.1,,0.819135845,1.66121471,2.3585453,3.172397,110.282776,0,0,0,0.01442487,1.076271,0.859746635,77.32232,297.3716,1,0,0,,,,,,,,,,,,,,,,,,,,
1,1,20250925_111545,1,1,20250925_111545,0,2.59515333,1,0,Collision,0,,0,,0.819135845,1.66121471,2.3585453,3.172397,110.282776,0,0,0,0.01442487,1.076271,0.859746635,77.32232,297.3716,1,0,0,TRUE,1.068575,FALSE,0.95,0.819135845,1.66121471,2.3585453,3.172397,110.282776,0,0,0,0.01442487,1.076271,0.859746635,77.32232,297.3716,1,0,0
1,1,20250925_111545,1,1,20250925_111545,0,2.59515333,0,,Collision,0,,0,,0.01442487,1.076271,0.859746635,77.32232,297.3716,1,0,0,0.819135845,1.66121471,2.3585453,3.172397,110.282776,0,0,0,FALSE,2.93142486,FALSE,1.05,0.01442487,1.076271,0.859746635,77.32232,297.3716,1,0,0,0.819135845,1.66121471,2.3585453,3.172397,110.282776,0,0,0
1,1,20250925_111545,1,1,20250925_111545,2.46721148,2.59515333,0,,Action,2,Accelerate,0.1,,0.01442487,1.076271,2.59324145,614.7886,297.3716,1,0,0,0.819135845,1.66121471,2.76920056,199.091782,110.282776,0,0,0,,,,,,,,,,,,,,,,,,,,
1,1,20250925_111545,1,1,20250925_111545,2.56857944,2.59515333,0,,Action,2,Dash,0.2,,0.01442487,1.076271,2.59324145,614.7886,297.3716,1,0,0,0.819135845,1.66121471,2.76920056,199.091782,110.282776,0,0,0,,,,,,,,,,,,,,,,,,,,
1,1,20250925_111545,1,1,20250925_111545,2.46721148,2.59515333,0,,Action,2,TurnLeft,0.1,,0.01442487,1.076271,2.59324145,614.7886,297.3716,1,0,0,0.819135845,1.66121471,2.76920056,199.091782,110.282776,0,0,0,,,,,,,,,,,,,,,,,,,,
1,1,20250925_111545,1,1,20250925_111545,2.36595726,2.59515333,0,,Action,2,TurnRight,0.1,,0.01442487,1.076271,2.59324145,614.7886,297.3716,1,0,0,0.819135845,1.66121471,2.76920056,199.091782,110.282776,0,0,0,,,,,,,,,,,,,,,,,,,,
1,1,20250925_111545,1,1,20250925_111545,2.59515333,3.54605722,1,,Collision,2,,0.9509039,,0.7800306,2.48060966,0.151134655,6.80704451,161.924988,0,0,0,-0.453268558,0.466846853,0.141531333,21.01991,96.84091,0,0,0,TRUE,1.068575,FALSE,0.95,0.7800306,2.48060966,0.151134655,6.80704451,161.924988,0,0,0,-0.453268558,0.466846853,0.141531333,21.01991,96.84091,0,0,0
1,1,20250925_111545,1,1,20250925_111545,3.58274317,3.58274317,1,,Action,0,TurnRight,0.1,,0.7797679,2.48611569,0.1335426,5.8961916,162.169617,0,0,0,-0.4564112,0.462751836,0.125057086,18.2072277,97.59631,0,0,0,,,,,,,,,,,,,,,,,,,,
1,1,20250925_111545,1,1,20250925_111545,2.59515333,3.64553285,0,,Collision,2,,1.05037951,,-0.460452825,0.4574854,0.103870429,14.6778784,98.54422,0,0,0,0.77943,2.49319649,0.110918343,4.8972826,150.169617,0,0,0,FALSE,2.93142486,FALSE,1.05,-0.460452825,0.4574854,0.103870429,14.6778784,98.54422,0,0,0,0.77943,2.49319649,0.110918343,4.8972826,150.169617,0,0,0
1,1,20250925_111545,1,1,20250925_111545,3.683019,3.683019,0,,Action,0,TurnRight,0.15,,-0.462759227,0.454480052,0.09177992,12.7138262,99.07172,0,0,0,0.7792371,2.49723721,0.09800745,4.327239,142.169678,0,0,0,,,,,,,,,,,,,,,,,,,,
1,1,20250925_111545,1,1,20250925_111545,3.683019,3.683019,0,,Action,0,Accelerate,0.1,,-0.462759227,0.454480052,0.09177992,12.7138262,99.07172,0,0,0,0.7792371,2.49723721,0.09800745,4.327239,142.169678,0,0,0,,,,,,,,,,,,,,,,,,,,
1,1,20250925_111545,1,1,20250925_111545,3.683019,3.683019,1,,Action,0,TurnLeft,0.1,,0.7792371,2.49723721,0.09800745,4.327239,142.169678,0,0,0,-0.462759227,0.454480052,0.09177992,12.7138262,99.07172,0,0,0,,,,,,,,,,,,,,,,,,,,
1,1,20250925_111545,1,1,20250925_111545,3.683019,3.683019,1,,Action,0,Accelerate,0.7065586,,0.7792371,2.49723721,0.09800745,4.327239,142.169678,0,0,0,-0.462759227,0.454480052,0.09177992,12.7138262,99.07172,0,0,0,,,,,,,,,,,,,,,,,,,,
1,1,20250925_111545,1,1,20250925_111545,3.683019,3.683019,1,,Action,0,Dash,0.2,,0.7792371,2.49723721,0.09800745,4.327239,142.169678,1,0,0,-0.462759227,0.454480052,0.09177992,12.7138262,99.07172,0,0,0,,,,,,,,,,,,,,,,,,,,
1,1,20250925_111545,1,1,20250925_111545,3.783725,3.783725,0,,Action,1,TurnRight,0.15,,-0.857755661,0.39141193,4,9.33073,79.07172,0,0,0,0.349909544,1.94435644,7,3.17577863,162.169739,1,0,0,,,,,,,,,,,,,,,,,,,,
1,1,20250925_111545,1,1,20250925_111545,3.783725,3.783725,1,,Action,1,TurnRight,0.100202858,,0.349909544,1.94435644,7,3.17577863,162.169739,1,0,0,-0.857755661,0.39141193,4,9.33073,79.07172,0,0,0,,,,,,,,,,,,,,,,,,,,
1,1,20250925_111545,1,1,20250925_111545,3.88497949,3.88497949,0,,Action,1,TurnRight,0.15,,-1.20811236,0.3354713,3.12299633,6.847861,59.0717163,0,0,0,-0.07941807,1.39147568,7,2.33071685,142.169708,0,0,0,,,,,,,,,,,,,,,,,,,,
1,1,20250925_111545,1,1,20250925_111545,3.88497949,3.88497949,0,,Action,1,Accelerate,0.1,,-1.20811236,0.3354713,3.12299633,6.847861,59.0717163,0,0,0,-0.07941807,1.39147568,7,2.33071685,142.169708,0,0,0,,,,,,,,,,,,,,,,,,,,
1,1,20250925_111545,1,1,20250925_111545,3.88497949,3.88497949,1,,Action,1,TurnRight,0.1,,-0.07941807,1.39147568,7,2.33071685,142.169708,0,0,0,-1.20811236,0.3354713,3.12299633,6.847861,59.0717163,0,0,0,,,,,,,,,,,,,,,,,,,,
1,1,20250925_111545,1,1,20250925_111545,3.88497949,3.88497949,1,,Action,1,Accelerate,0.469153047,,-0.07941807,1.39147568,7,2.33071685,142.169708,0,0,0,-1.20811236,0.3354713,3.12299633,6.847861,59.0717163,0,0,0,,,,,,,,,,,,,,,,,,,,
1,1,20250925_111545,1,1,20250925_111545,3.985861,3.985861,0,,Action,1,TurnRight,0.15,,-1.55123663,0.5410571,4,5.02567339,39.0717163,0,0,0,-0.3247478,1.07554364,3.99999976,1.710523,122.169617,0,0,0,,,,,,,,,,,,,,,,,,,,
1,1,20250925_111545,1,1,20250925_111545,3.985861,3.985861,1,,Action,1,TurnRight,0.1,,-0.3247478,1.07554364,3.99999976,1.710523,122.169617,0,0,0,-1.55123663,0.5410571,4,5.02567339,39.0717163,0,0,0,,,,,,,,,,,,,,,,,,,,
1,1,20250925_111545,1,1,20250925_111545,3.985861,3.985861,1,,Action,1,Accelerate,0.464295357,,-0.3247478,1.07554364,3.99999976,1.710523,122.169617,0,0,0,-1.55123663,0.5410571,4,5.02567339,39.0717163,0,0,0,,,,,,,,,,,,,,,,,,,,
1,1,20250925_111545,1,1,20250925_111545,4.086587,4.086587,0,,Action,1,TurnRight,0.15,,-1.85558343,0.723409,3.122996,3.688362,19.0717163,0,0,0,-0.663337946,0.86257267,4,1.25536,102.169556,0,0,0,,,,,,,,,,,,,,,,,,,,
1,1,20250925_111545,1,1,20250925_111545,4.086587,4.086587,0,,Action,1,Accelerate,0.1,,-1.85558343,0.723409,3.122996,3.688362,19.0717163,0,0,0,-0.663337946,0.86257267,4,1.25536,102.169556,0,0,0,,,,,,,,,,,,,,,,,,,,
1,1,20250925_111545,1,1,20250925_111545,4.086587,4.086587,1,,Action,1,TurnRight,0.1,,-0.663337946,0.86257267,4,1.25536,102.169556,0,0,0,-1.85558343,0.723409,3.122996,3.688362,19.0717163,0,0,0,,,,,,,,,,,,,,,,,,,,
1,1,20250925_111545,1,1,20250925_111545,4.086587,4.086587,1,,Action,1,Accelerate,0.4401284,,-0.663337946,0.86257267,4,1.25536,102.169556,0,0,0,-1.85558343,0.723409,3.122996,3.688362,19.0717163,0,0,0,,,,,,,,,,,,,,,,,,,,
1,1,20250925_111545,1,1,20250925_111545,4.18685532,4.18685532,0,,Action,1,TurnRight,0.15,,-1.9862839,1.10145307,4,2.70690417,359.071716,0,0,0,-1.054349,0.7782506,4,0.9213139,82.1695557,0,0,0,,,,,,,,,,,,,,,,,,,,
1,1,20250925_111545,1,1,20250925_111545,4.18685532,4.18685532,1,,Action,1,TurnRight,0.1,,-1.054349,0.7782506,4,0.9213139,82.1695557,0,0,0,-1.9862839,1.10145307,4,2.70690417,359.071716,0,0,0,,,,,,,,,,,,,,,,,,,,
1,1,20250925_111545,1,1,20250925_111545,4.086587,4.19672728,1,,Action,2,Accelerate,0.4401284,,-1.12203956,0.761699,3.49939775,0.866035044,77.31558,0,0,0,-2.02293563,1.176749,4.17219353,2.54449,354.2177,0,0,0,,,,,,,,,,,,,,,,,,,,
1,1,20250925_111545,1,1,20250925_111545,3.683019,4.19672728,1,,Action,2,Dash,0.2,,-1.12203956,0.761699,3.49939775,0.866035044,77.31558,0,0,0,-2.02293563,1.176749,4.17219353,2.54449,354.2177,0,0,0,,,,,,,,,,,,,,,,,,,,
1,1,20250925_111545,1,1,20250925_111545,3.683019,4.19672728,1,,Action,2,TurnLeft,0.1,,-1.12203956,0.761699,3.49939775,0.866035044,77.31558,0,0,0,-2.02293563,1.176749,4.17219353,2.54449,354.2177,0,0,0,,,,,,,,,,,,,,,,,,,,
1,1,20250925_111545,1,1,20250925_111545,4.18685532,4.19672728,1,,Action,2,TurnRight,0.1,,-1.12203956,0.761699,3.49939775,0.866035044,77.31558,0,0,0,-2.02293563,1.176749,4.17219353,2.54449,354.2177,0,0,0,,,,,,,,,,,,,,,,,,,,
1,1,20250925_111545,1,1,20250925_111545,4.086587,4.19672728,0,,Action,2,Accelerate,0.1,,-2.02293563,1.176749,4.17219353,2.54449,354.2177,0,0,0,-1.12203956,0.761699,3.49939775,0.866035044,77.31558,0,0,0,,,,,,,,,,,,,,,,,,,,
1,1,20250925_111545,1,1,20250925_111545,4.18685532,4.19672728,0,,Action,2,TurnRight,0.15,,-2.02293563,1.176749,4.17219353,2.54449,354.2177,0,0,0,-1.12203956,0.761699,3.49939775,0.866035044,77.31558,0,0,0,,,,,,,,,,,,,,,,,,,,
1,1,20250925_111545,1,1,20250925_111545,0,4.19672728,0,1,Collision,0,,0,,-2.02293563,1.176749,4.17219353,2.54449,354.2177,0,0,0,-1.12203956,0.761699,3.49939775,0.866035044,77.31558,0,0,0,TRUE,1.8246007,FALSE,0.95,-2.02293563,1.176749,4.17219353,2.54449,354.2177,0,0,0,-1.12203956,0.761699,3.49939775,0.866035044,77.31558,0,0,0
1,1,20250925_111545,1,1,20250925_111545,0,4.19672728,1,,Collision,0,,0,,-1.12203956,0.761699,3.49939775,0.866035044,77.31558,0,0,0,-2.02293563,1.176749,4.17219353,2.54449,354.2177,0,0,0,FALSE,2.1753993,FALSE,1.05,-1.12203956,0.761699,3.49939775,0.866035044,77.31558,0,0,0,-2.02293563,1.176749,4.17219353,2.54449,354.2177,0,0,0
1,1,20250925_111545,1,1,20250925_111545,4.19672728,5.148047,0,,Collision,2,,0.9513197,,-3.05151844,2.51577663,0.3110812,11.5248718,81.65213,0,0,0,-1.54455328,0.249288738,0.122359239,13.6665421,180.9978,0,0,0,TRUE,1.8246007,FALSE,0.95,-3.05151844,2.51577663,0.3110812,11.5248718,81.65213,0,0,0,-1.54455328,0.249288738,0.122359239,13.6665421,180.9978,0,0,0
1,1,20250925_111545,1,1,20250925_111545,5.19696569,5.19696569,0,,Action,0,TurnLeft,0.15,,-3.05843,2.52477431,0.274871349,9.982724,82.0663147,0,0,0,-1.54739237,0.2458456,0.108116627,11.8378172,181.489014,0,0,0,,,,,,,,,,,,,,,,,,,,
1,1,20250925_111545,1,1,20250925_111545,5.19696569,5.19696569,0,,Action,0,Accelerate,0.1,,-3.05843,2.52477431,0.274871349,9.982724,82.0663147,0,0,0,-1.54739237,0.2458456,0.108116627,11.8378172,181.489014,0,0,0,,,,,,,,,,,,,,,,,,,,
1,1,20250925_111545,1,1,20250925_111545,4.19672728,5.24777937,1,,Collision,2,,1.05105209,,-1.55104351,0.241417557,0.08979995,9.543135,182.105286,0,0,0,-3.296133,2.55790067,4,8.29149151,94.0663147,0,0,0,FALSE,2.1753993,FALSE,1.05,-1.55104351,0.241417557,0.08979995,9.543135,182.105286,0,0,0,-3.296133,2.55790067,4,8.29149151,94.0663147,0,0,0
1,1,20250925_111545,1,1,20250925_111545,5.297495,5.297495,0,,Action,1,TurnLeft,0.15,,-3.53383613,2.591027,4,6.88678074,106.066284,0,0,0,-1.55407619,0.237739712,0.07458641,7.693262,182.602173,0,0,0,,,,,,,,,,,,,,,,,,,,
1,1,20250925_111545,1,1,20250925_111545,5.297495,5.297495,1,,Action,0,TurnRight,0.7126457,,-1.55407619,0.237739712,0.07458641,7.693262,182.602173,0,0,0,-3.53383613,2.591027,4,6.88678074,106.066284,0,0,0,,,,,,,,,,,,,,,,,,,,
1,1,20250925_111545,1,1,20250925_111545,5.39830065,5.39830065,0,,Action,1,TurnLeft,0.15,,-3.86415076,2.63706,2.93561649,5.05423641,126.066437,0,0,0,-1.55803239,0.232941687,0.054739274,5.646117,162.602173,0,0,0,,,,,,,,,,,,,,,,,,,,
1,1,20250925_111545,1,1,20250925_111545,5.39830065,5.39830065,0,,Action,1,Accelerate,0.1,,-3.86415076,2.63706,2.93561649,5.05423641,126.066437,0,0,0,-1.55803239,0.232941687,0.054739274,5.646117,162.602173,0,0,0,,,,,,,,,,,,,,,,,,,,
1,1,20250925_111545,1,1,20250925_111545,5.39830065,5.39830065,1,,Action,1,TurnRight,0.5939705,,-1.55803239,0.232941687,0.054739274,5.646117,162.602173,0,0,0,-3.86415076,2.63706,2.93561649,5.05423641,126.066437,0,0,0,,,,,,,,,,,,,,,,,,,,
1,1,20250925_111545,1,1,20250925_111545,5.49883,5.49883,0,,Action,1,TurnLeft,0.15,,-4.18748474,2.40157127,4,3.7093246,146.066528,0,0,0,-1.55930245,0.231401339,0,4.98890924,142.602142,0,0,0,,,,,,,,,,,,,,,,,,,,
1,1,20250925_111545,1,1,20250925_111545,5.49883,5.49883,1,,Action,1,TurnRight,0.460748285,,-1.55930245,0.231401339,0,4.98890924,142.602142,0,0,0,-4.18748474,2.40157127,4,3.7093246,146.066528,0,0,0,,,,,,,,,,,,,,,,,,,,
1,1,20250925_111545,1,1,20250925_111545,5.60054159,5.60054159,0,,Action,1,TurnLeft,0.15,,-4.4742775,2.19269562,3.12299633,2.72228861,166.066467,0,0,0,-1.55930245,0.231401339,0,4.98890924,122.602112,0,0,0,,,,,,,,,,,,,,,,,,,,
1,1,20250925_111545,1,1,20250925_111545,5.60054159,5.60054159,0,,Action,1,Accelerate,0.1,,-4.4742775,2.19269562,3.12299633,2.72228861,166.066467,0,0,0,-1.55930245,0.231401339,0,4.98890924,122.602112,0,0,0,,,,,,,,,,,,,,,,,,,,
1,1,20250925_111545,1,1,20250925_111545,5.60054159,5.60054159,1,,Action,1,TurnRight,0.332680583,,-1.55930245,0.231401339,0,4.98890924,122.602112,0,0,0,-4.4742775,2.19269562,3.12299633,2.72228861,166.066467,0,0,0,,,,,,,,,,,,,,,,,,,,
1,1,20250925_111545,1,1,20250925_111545,5.70120573,5.70120573,0,,Action,1,TurnLeft,0.15,,-4.570596,1.80446553,4,1.9978987,186.066467,0,0,0,-1.55930245,0.231401339,0,4.98890924,102.60199,0,0,0,,,,,,,,,,,,,,,,,,,,
1,1,20250925_111545,1,1,20250925_111545,5.70120573,5.70120573,1,,Action,1,TurnRight,0.20092009,,-1.55930245,0.231401339,0,4.98890924,102.60199,0,0,0,-4.570596,1.80446553,4,1.9978987,186.066467,0,0,0,,,,,,,,,,,,,,,,,,,,
1,1,20250925_111545,1,1,20250925_111545,5.801406,5.801406,0,,Action,1,TurnLeft,0.15,,-4.656029,1.46011055,3.122996,1.466266,206.066467,0,0,0,-1.55930245,0.231401339,0,4.98890924,82.60196,0,0,0,,,,,,,,,,,,,,,,,,,,
1,1,20250925_111545,1,1,20250925_111545,5.801406,5.801406,0,,Action,1,Accelerate,0.1,,-4.656029,1.46011055,3.122996,1.466266,206.066467,0,0,0,-1.55930245,0.231401339,0,4.98890924,82.60196,0,0,0,,,,,,,,,,,,,,,,,,,,
1,1,20250925_111545,1,1,20250925_111545,5.801406,5.801406,1,,Action,1,TurnRight,0.1,,-1.55930245,0.231401339,0,4.98890924,82.60196,0,0,0,-4.656029,1.46011055,3.122996,1.466266,206.066467,0,0,0,,,,,,,,,,,,,,,,,,,,
1,1,20250925_111545,1,1,20250925_111545,5.901475,5.901475,0,,Action,1,TurnLeft,0.136792123,,-4.48026466,1.10079646,4,1.07609868,226.066467,0,0,0,-1.55930245,0.231401339,0,4.98890924,62.60196,0,0,0,,,,,,,,,,,,,,,,,,,,
1,1,20250925_111545,1,1,20250925_111545,5.901475,5.901475,1,,Action,0,TurnLeft,0.1,,-1.55930245,0.231401339,0,4.98890924,62.60196,0,0,0,-4.48026466,1.10079646,4,1.07609868,226.066467,0,0,0,,,,,,,,,,,,,,,,,,,,
1,1,20250925_111545,1,1,20250925_111545,5.901475,5.901475,1,,Action,0,Dash,0.2,,-1.55930245,0.231401339,0,4.98890924,62.60196,1,0,0,-4.48026466,1.10079646,4,1.07609868,226.066467,0,0,0,,,,,,,,,,,,,,,,,,,,
1,1,20250925_111545,1,1,20250925_111545,6.001974,6.001974,0,,Action,1,TurnLeft,0.1,,-4.324363,0.78208977,3.122996,0.789753258,246.066467,0,0,0,-2.18078375,0.55352,7,3.89508581,82.60196,1,0,0,,,,,,,,,,,,,,,,,,,,
1,1,20250925_111545,1,1,20250925_111545,6.001974,6.001974,0,,Action,1,Accelerate,0.1,,-4.324363,0.78208977,3.122996,0.789753258,246.066467,0,0,0,-2.18078375,0.55352,7,3.89508581,82.60196,1,0,0,,,,,,,,,,,,,,,,,,,,
1,1,20250925_111545,1,1,20250925_111545,6.10400057,6.10400057,0,,Action,1,TurnLeft,0.1,,-3.95875764,0.6198191,4,0.5796032,266.066467,0,0,0,-2.80226469,0.8756387,7,2.71987867,82.9176,0,0,0,,,,,,,,,,,,,,,,,,,,
1,1,20250925_111545,1,1,20250925_111545,6.10400057,6.10400057,1,,Action,1,TurnLeft,0.1,,-2.80226469,0.8756387,7,2.71987867,82.9176,0,0,0,-3.95875764,0.6198191,4,0.5796032,266.066467,0,0,0,,,,,,,,,,,,,,,,,,,,
1,1,20250925_111545,1,1,20250925_111545,5.901475,6.13720226,1,,Action,2,Dash,0.2,,-2.98844647,1.01178157,4.3881073,2.40328479,93.346405,0,0,0,-3.87185526,0.5456973,2.1662662,0.5121374,276.4953,0,0,0,,,,,,,,,,,,,,,,,,,,
1,1,20250925_111545,1,1,20250925_111545,6.10400057,6.13720226,1,,Action,2,TurnLeft,0.1,,-2.98844647,1.01178157,4.3881073,2.40328479,93.346405,0,0,0,-3.87185526,0.5456973,2.1662662,0.5121374,276.4953,0,0,0,,,,,,,,,,,,,,,,,,,,
1,1,20250925_111545,1,1,20250925_111545,5.801406,6.13720226,1,,Action,2,TurnRight,0.1,,-2.98844647,1.01178157,4.3881073,2.40328479,93.346405,0,0,0,-3.87185526,0.5456973,2.1662662,0.5121374,276.4953,0,0,0,,,,,,,,,,,,,,,,,,,,
1,1,20250925_111545,1,1,20250925_111545,0,6.13720226,1,0,Collision,0,,0,,-2.98844647,1.01178157,4.3881073,2.40328479,93.346405,0,0,0,-3.87185526,0.5456973,2.1662662,0.5121374,276.4953,0,0,0,TRUE,1.32202792,FALSE,0.95,-2.98844647,1.01178157,4.3881073,2.40328479,93.346405,0,0,0,-3.87185526,0.5456973,2.1662662,0.5121374,276.4953,0,0,0
1,1,20250925_111545,1,1,20250925_111545,0,6.13720226,0,,Collision,0,,0,,-3.87185526,0.5456973,2.1662662,0.5121374,276.4953,0,0,0,-2.98844647,1.01178157,4.3881073,2.40328479,93.346405,0,0,0,FALSE,2.677972,FALSE,1.05,-3.87185526,0.5456973,2.1662662,0.5121374,276.4953,0,0,0,-2.98844647,1.01178157,4.3881073,2.40328479,93.346405,0,0,0
1,1,20250925_111545,1,1,20250925_111545,6.001974,6.13720226,0,,Action,2,Accelerate,0.1,,-3.87185526,0.5456973,4.155534,491.508728,276.4953,0,0,0,-2.98844647,1.01178157,4.46097565,244.792374,93.346405,0,0,0,,,,,,,,,,,,,,,,,,,,
1,1,20250925_111545,1,1,20250925_111545,6.10400057,6.13720226,0,,Action,2,TurnLeft,0.1,,-3.87185526,0.5456973,4.155534,491.508728,276.4953,0,0,0,-2.98844647,1.01178157,4.46097565,244.792374,93.346405,0,0,0,,,,,,,,,,,,,,,,,,,,